{
"2":[[{"context":[{"name":"num3.value","value":3},{"name":"num_smallest.value","value":0},{"name":"num2.value","value":4},{"name":"num1.value","value":3},{"name":"num4.value","value":8}],"value":{"name":"angelic","value":true},"expression":"81-20-82-48","instId":0}]],
"5":[[{"context":[{"name":"num3.value","value":2},{"name":"num_smallest.value","value":0},{"name":"num2.value","value":3},{"name":"num1.value","value":2},{"name":"num4.value","value":4}],"value":{"name":"angelic","value":true},"expression":"81-20-82-48","instId":0}]],
"11":[[{"context":[{"name":"num3.value","value":2},{"name":"num_smallest.value","value":0},{"name":"num2.value","value":2},{"name":"num1.value","value":2},{"name":"num4.value","value":3}],"value":{"name":"angelic","value":true},"expression":"81-20-82-48","instId":0}]],
"10":[[{"context":[{"name":"num3.value","value":1},{"name":"num_smallest.value","value":0},{"name":"num2.value","value":1},{"name":"num1.value","value":1},{"name":"num4.value","value":1}],"value":{"name":"angelic","value":true},"expression":"81-20-82-48","instId":0}]],
"3":[[{"context":[{"name":"num3.value","value":4},{"name":"num_smallest.value","value":0},{"name":"num2.value","value":3},{"name":"num1.value","value":3},{"name":"num4.value","value":8}],"value":{"name":"angelic","value":true},"expression":"81-20-82-48","instId":0}]]

}