{
"2":[[{"context":[{"name":"num3.value","value":2},{"name":"num_smallest.value","value":0},{"name":"num2.value","value":4},{"name":"num1.value","value":3},{"name":"num4.value","value":1}],"value":{"name":"angelic","value":1},"expression":"85-34-85-44","instId":0}]],
"1":[[{"context":[{"name":"num3.value","value":2},{"name":"num_smallest.value","value":0},{"name":"num2.value","value":3},{"name":"num1.value","value":4},{"name":"num4.value","value":1}],"value":{"name":"angelic","value":1},"expression":"85-34-85-44","instId":0}]],
"4":[[{"context":[{"name":"num3.value","value":0},{"name":"num_smallest.value","value":0},{"name":"num2.value","value":0},{"name":"num1.value","value":0},{"name":"num4.value","value":-1}],"value":{"name":"angelic","value":-1},"expression":"85-34-85-44","instId":0}]],
"3":[[{"context":[{"name":"num3.value","value":4},{"name":"num_smallest.value","value":0},{"name":"num2.value","value":2},{"name":"num1.value","value":3},{"name":"num4.value","value":1}],"value":{"name":"angelic","value":1},"expression":"85-34-85-44","instId":0}]]

}