{
"2":[[{"context":[{"name":"num1.value","value":3},{"name":"num4.value","value":8},{"name":"num3.value","value":3},{"name":"num2.value","value":4},{"name":"num_smallest.value","value":0}],"value":{"name":"angelic","value":true},"expression":"69-13-70-45","instId":0}],[{"context":[{"name":"num2.value","value":4},{"name":"num_smallest.value","value":0},{"name":"num1.value","value":3},{"name":"num4.value","value":8},{"name":"num3.value","value":3}],"value":{"name":"angelic","value":false},"expression":"73-20-74-48","instId":0},{"context":[{"name":"num1.value","value":3},{"name":"num4.value","value":8},{"name":"num3.value","value":3},{"name":"num2.value","value":4},{"name":"num_smallest.value","value":0}],"value":{"name":"angelic","value":false},"expression":"69-13-70-45","instId":0},{"context":[{"name":"num2.value","value":4},{"name":"num1.value","value":3},{"name":"num_smallest.value","value":0},{"name":"num4.value","value":8},{"name":"num3.value","value":3}],"value":{"name":"angelic","value":true},"expression":"77-20-78-48","instId":0}],[{"context":[{"name":"num2.value","value":4},{"name":"num_smallest.value","value":0},{"name":"num1.value","value":3},{"name":"num4.value","value":8},{"name":"num3.value","value":3}],"value":{"name":"angelic","value":false},"expression":"73-20-74-48","instId":0},{"context":[{"name":"num1.value","value":3},{"name":"num4.value","value":8},{"name":"num3.value","value":3},{"name":"num2.value","value":4},{"name":"num_smallest.value","value":0}],"value":{"name":"angelic","value":false},"expression":"69-13-70-45","instId":0},{"context":[{"name":"num2.value","value":4},{"name":"num1.value","value":3},{"name":"num_smallest.value","value":0},{"name":"num4.value","value":8},{"name":"num3.value","value":3}],"value":{"name":"angelic","value":false},"expression":"77-20-78-48","instId":0},{"context":[{"name":"num3.value","value":3},{"name":"num_smallest.value","value":0},{"name":"num2.value","value":4},{"name":"num1.value","value":3},{"name":"num4.value","value":8}],"value":{"name":"angelic","value":true},"expression":"81-20-82-48","instId":0}]],
"5":[[{"context":[{"name":"num1.value","value":2},{"name":"num4.value","value":4},{"name":"num3.value","value":2},{"name":"num2.value","value":3},{"name":"num_smallest.value","value":0}],"value":{"name":"angelic","value":true},"expression":"69-13-70-45","instId":0}],[{"context":[{"name":"num2.value","value":3},{"name":"num_smallest.value","value":0},{"name":"num1.value","value":2},{"name":"num4.value","value":4},{"name":"num3.value","value":2}],"value":{"name":"angelic","value":false},"expression":"73-20-74-48","instId":0},{"context":[{"name":"num1.value","value":2},{"name":"num4.value","value":4},{"name":"num3.value","value":2},{"name":"num2.value","value":3},{"name":"num_smallest.value","value":0}],"value":{"name":"angelic","value":false},"expression":"69-13-70-45","instId":0},{"context":[{"name":"num2.value","value":3},{"name":"num1.value","value":2},{"name":"num_smallest.value","value":0},{"name":"num4.value","value":4},{"name":"num3.value","value":2}],"value":{"name":"angelic","value":true},"expression":"77-20-78-48","instId":0}],[{"context":[{"name":"num2.value","value":3},{"name":"num_smallest.value","value":0},{"name":"num1.value","value":2},{"name":"num4.value","value":4},{"name":"num3.value","value":2}],"value":{"name":"angelic","value":false},"expression":"73-20-74-48","instId":0},{"context":[{"name":"num1.value","value":2},{"name":"num4.value","value":4},{"name":"num3.value","value":2},{"name":"num2.value","value":3},{"name":"num_smallest.value","value":0}],"value":{"name":"angelic","value":false},"expression":"69-13-70-45","instId":0},{"context":[{"name":"num2.value","value":3},{"name":"num1.value","value":2},{"name":"num_smallest.value","value":0},{"name":"num4.value","value":4},{"name":"num3.value","value":2}],"value":{"name":"angelic","value":false},"expression":"77-20-78-48","instId":0},{"context":[{"name":"num3.value","value":2},{"name":"num_smallest.value","value":0},{"name":"num2.value","value":3},{"name":"num1.value","value":2},{"name":"num4.value","value":4}],"value":{"name":"angelic","value":true},"expression":"81-20-82-48","instId":0}]],
"15":[[{"context":[{"name":"num2.value","value":-1},{"name":"num_smallest.value","value":0},{"name":"num1.value","value":0},{"name":"num4.value","value":0},{"name":"num3.value","value":0}],"value":{"name":"angelic","value":true},"expression":"73-20-74-48","instId":0},{"context":[{"name":"num1.value","value":0},{"name":"num4.value","value":0},{"name":"num3.value","value":0},{"name":"num2.value","value":-1},{"name":"num_smallest.value","value":0}],"value":{"name":"angelic","value":false},"expression":"69-13-70-45","instId":0}]],
"1":[[{"context":[{"name":"num2.value","value":3},{"name":"num_smallest.value","value":0},{"name":"num1.value","value":6},{"name":"num4.value","value":8},{"name":"num3.value","value":3}],"value":{"name":"angelic","value":false},"expression":"73-20-74-48","instId":0},{"context":[{"name":"num1.value","value":6},{"name":"num4.value","value":8},{"name":"num3.value","value":3},{"name":"num2.value","value":3},{"name":"num_smallest.value","value":0}],"value":{"name":"angelic","value":false},"expression":"69-13-70-45","instId":0},{"context":[{"name":"num2.value","value":3},{"name":"num1.value","value":6},{"name":"num_smallest.value","value":0},{"name":"num4.value","value":8},{"name":"num3.value","value":3}],"value":{"name":"angelic","value":true},"expression":"77-20-78-48","instId":0}],[{"context":[{"name":"num2.value","value":3},{"name":"num_smallest.value","value":0},{"name":"num1.value","value":6},{"name":"num4.value","value":8},{"name":"num3.value","value":3}],"value":{"name":"angelic","value":true},"expression":"73-20-74-48","instId":0},{"context":[{"name":"num1.value","value":6},{"name":"num4.value","value":8},{"name":"num3.value","value":3},{"name":"num2.value","value":3},{"name":"num_smallest.value","value":0}],"value":{"name":"angelic","value":false},"expression":"69-13-70-45","instId":0}]],
"11":[[{"context":[{"name":"num1.value","value":2},{"name":"num4.value","value":3},{"name":"num3.value","value":2},{"name":"num2.value","value":2},{"name":"num_smallest.value","value":0}],"value":{"name":"angelic","value":true},"expression":"69-13-70-45","instId":0}],[{"context":[{"name":"num2.value","value":2},{"name":"num_smallest.value","value":0},{"name":"num1.value","value":2},{"name":"num4.value","value":3},{"name":"num3.value","value":2}],"value":{"name":"angelic","value":false},"expression":"73-20-74-48","instId":0},{"context":[{"name":"num1.value","value":2},{"name":"num4.value","value":3},{"name":"num3.value","value":2},{"name":"num2.value","value":2},{"name":"num_smallest.value","value":0}],"value":{"name":"angelic","value":false},"expression":"69-13-70-45","instId":0},{"context":[{"name":"num2.value","value":2},{"name":"num1.value","value":2},{"name":"num_smallest.value","value":0},{"name":"num4.value","value":3},{"name":"num3.value","value":2}],"value":{"name":"angelic","value":true},"expression":"77-20-78-48","instId":0}],[{"context":[{"name":"num2.value","value":2},{"name":"num_smallest.value","value":0},{"name":"num1.value","value":2},{"name":"num4.value","value":3},{"name":"num3.value","value":2}],"value":{"name":"angelic","value":false},"expression":"73-20-74-48","instId":0},{"context":[{"name":"num1.value","value":2},{"name":"num4.value","value":3},{"name":"num3.value","value":2},{"name":"num2.value","value":2},{"name":"num_smallest.value","value":0}],"value":{"name":"angelic","value":false},"expression":"69-13-70-45","instId":0},{"context":[{"name":"num2.value","value":2},{"name":"num1.value","value":2},{"name":"num_smallest.value","value":0},{"name":"num4.value","value":3},{"name":"num3.value","value":2}],"value":{"name":"angelic","value":false},"expression":"77-20-78-48","instId":0},{"context":[{"name":"num3.value","value":2},{"name":"num_smallest.value","value":0},{"name":"num2.value","value":2},{"name":"num1.value","value":2},{"name":"num4.value","value":3}],"value":{"name":"angelic","value":true},"expression":"81-20-82-48","instId":0}],[{"context":[{"name":"num2.value","value":2},{"name":"num_smallest.value","value":0},{"name":"num1.value","value":2},{"name":"num4.value","value":3},{"name":"num3.value","value":2}],"value":{"name":"angelic","value":true},"expression":"73-20-74-48","instId":0},{"context":[{"name":"num1.value","value":2},{"name":"num4.value","value":3},{"name":"num3.value","value":2},{"name":"num2.value","value":2},{"name":"num_smallest.value","value":0}],"value":{"name":"angelic","value":false},"expression":"69-13-70-45","instId":0}]],
"4":[[{"context":[{"name":"num2.value","value":4},{"name":"num_smallest.value","value":0},{"name":"num1.value","value":7},{"name":"num4.value","value":3},{"name":"num3.value","value":3}],"value":{"name":"angelic","value":false},"expression":"73-20-74-48","instId":0},{"context":[{"name":"num1.value","value":7},{"name":"num4.value","value":3},{"name":"num3.value","value":3},{"name":"num2.value","value":4},{"name":"num_smallest.value","value":0}],"value":{"name":"angelic","value":false},"expression":"69-13-70-45","instId":0},{"context":[{"name":"num2.value","value":4},{"name":"num1.value","value":7},{"name":"num_smallest.value","value":0},{"name":"num4.value","value":3},{"name":"num3.value","value":3}],"value":{"name":"angelic","value":true},"expression":"77-20-78-48","instId":0}]],
"14":[[{"context":[{"name":"num1.value","value":1},{"name":"num4.value","value":4},{"name":"num3.value","value":3},{"name":"num2.value","value":2},{"name":"num_smallest.value","value":0}],"value":{"name":"angelic","value":true},"expression":"69-13-70-45","instId":0}],[{"context":[{"name":"num2.value","value":2},{"name":"num_smallest.value","value":0},{"name":"num1.value","value":1},{"name":"num4.value","value":4},{"name":"num3.value","value":3}],"value":{"name":"angelic","value":false},"expression":"73-20-74-48","instId":0},{"context":[{"name":"num1.value","value":1},{"name":"num4.value","value":4},{"name":"num3.value","value":3},{"name":"num2.value","value":2},{"name":"num_smallest.value","value":0}],"value":{"name":"angelic","value":false},"expression":"69-13-70-45","instId":0},{"context":[{"name":"num2.value","value":2},{"name":"num1.value","value":1},{"name":"num_smallest.value","value":0},{"name":"num4.value","value":4},{"name":"num3.value","value":3}],"value":{"name":"angelic","value":false},"expression":"77-20-78-48","instId":0},{"context":[{"name":"num3.value","value":3},{"name":"num_smallest.value","value":0},{"name":"num2.value","value":2},{"name":"num1.value","value":1},{"name":"num4.value","value":4}],"value":{"name":"angelic","value":true},"expression":"81-20-82-48","instId":0}]],
"6":[[{"context":[{"name":"num2.value","value":2},{"name":"num_smallest.value","value":0},{"name":"num1.value","value":3},{"name":"num4.value","value":4},{"name":"num3.value","value":2}],"value":{"name":"angelic","value":false},"expression":"73-20-74-48","instId":0},{"context":[{"name":"num1.value","value":3},{"name":"num4.value","value":4},{"name":"num3.value","value":2},{"name":"num2.value","value":2},{"name":"num_smallest.value","value":0}],"value":{"name":"angelic","value":false},"expression":"69-13-70-45","instId":0},{"context":[{"name":"num2.value","value":2},{"name":"num1.value","value":3},{"name":"num_smallest.value","value":0},{"name":"num4.value","value":4},{"name":"num3.value","value":2}],"value":{"name":"angelic","value":true},"expression":"77-20-78-48","instId":0}],[{"context":[{"name":"num2.value","value":2},{"name":"num_smallest.value","value":0},{"name":"num1.value","value":3},{"name":"num4.value","value":4},{"name":"num3.value","value":2}],"value":{"name":"angelic","value":true},"expression":"73-20-74-48","instId":0},{"context":[{"name":"num1.value","value":3},{"name":"num4.value","value":4},{"name":"num3.value","value":2},{"name":"num2.value","value":2},{"name":"num_smallest.value","value":0}],"value":{"name":"angelic","value":false},"expression":"69-13-70-45","instId":0}]],
"16":[[{"context":[{"name":"num2.value","value":1},{"name":"num_smallest.value","value":0},{"name":"num1.value","value":3},{"name":"num4.value","value":2},{"name":"num3.value","value":3}],"value":{"name":"angelic","value":true},"expression":"73-20-74-48","instId":0},{"context":[{"name":"num1.value","value":3},{"name":"num4.value","value":2},{"name":"num3.value","value":3},{"name":"num2.value","value":1},{"name":"num_smallest.value","value":0}],"value":{"name":"angelic","value":false},"expression":"69-13-70-45","instId":0}]],
"10":[[{"context":[{"name":"num1.value","value":1},{"name":"num4.value","value":1},{"name":"num3.value","value":1},{"name":"num2.value","value":1},{"name":"num_smallest.value","value":0}],"value":{"name":"angelic","value":true},"expression":"69-13-70-45","instId":0}],[{"context":[{"name":"num2.value","value":1},{"name":"num_smallest.value","value":0},{"name":"num1.value","value":1},{"name":"num4.value","value":1},{"name":"num3.value","value":1}],"value":{"name":"angelic","value":false},"expression":"73-20-74-48","instId":0},{"context":[{"name":"num1.value","value":1},{"name":"num4.value","value":1},{"name":"num3.value","value":1},{"name":"num2.value","value":1},{"name":"num_smallest.value","value":0}],"value":{"name":"angelic","value":false},"expression":"69-13-70-45","instId":0},{"context":[{"name":"num2.value","value":1},{"name":"num1.value","value":1},{"name":"num_smallest.value","value":0},{"name":"num4.value","value":1},{"name":"num3.value","value":1}],"value":{"name":"angelic","value":true},"expression":"77-20-78-48","instId":0}],[{"context":[{"name":"num2.value","value":1},{"name":"num_smallest.value","value":0},{"name":"num1.value","value":1},{"name":"num4.value","value":1},{"name":"num3.value","value":1}],"value":{"name":"angelic","value":false},"expression":"73-20-74-48","instId":0},{"context":[{"name":"num1.value","value":1},{"name":"num4.value","value":1},{"name":"num3.value","value":1},{"name":"num2.value","value":1},{"name":"num_smallest.value","value":0}],"value":{"name":"angelic","value":false},"expression":"69-13-70-45","instId":0},{"context":[{"name":"num2.value","value":1},{"name":"num1.value","value":1},{"name":"num_smallest.value","value":0},{"name":"num4.value","value":1},{"name":"num3.value","value":1}],"value":{"name":"angelic","value":false},"expression":"77-20-78-48","instId":0},{"context":[{"name":"num3.value","value":1},{"name":"num_smallest.value","value":0},{"name":"num2.value","value":1},{"name":"num1.value","value":1},{"name":"num4.value","value":1}],"value":{"name":"angelic","value":true},"expression":"81-20-82-48","instId":0}],[{"context":[{"name":"num2.value","value":1},{"name":"num_smallest.value","value":0},{"name":"num1.value","value":1},{"name":"num4.value","value":1},{"name":"num3.value","value":1}],"value":{"name":"angelic","value":true},"expression":"73-20-74-48","instId":0},{"context":[{"name":"num1.value","value":1},{"name":"num4.value","value":1},{"name":"num3.value","value":1},{"name":"num2.value","value":1},{"name":"num_smallest.value","value":0}],"value":{"name":"angelic","value":false},"expression":"69-13-70-45","instId":0}]],
"3":[[{"context":[{"name":"num1.value","value":3},{"name":"num4.value","value":8},{"name":"num3.value","value":4},{"name":"num2.value","value":3},{"name":"num_smallest.value","value":0}],"value":{"name":"angelic","value":true},"expression":"69-13-70-45","instId":0}],[{"context":[{"name":"num2.value","value":3},{"name":"num_smallest.value","value":0},{"name":"num1.value","value":3},{"name":"num4.value","value":8},{"name":"num3.value","value":4}],"value":{"name":"angelic","value":false},"expression":"73-20-74-48","instId":0},{"context":[{"name":"num1.value","value":3},{"name":"num4.value","value":8},{"name":"num3.value","value":4},{"name":"num2.value","value":3},{"name":"num_smallest.value","value":0}],"value":{"name":"angelic","value":false},"expression":"69-13-70-45","instId":0},{"context":[{"name":"num2.value","value":3},{"name":"num1.value","value":3},{"name":"num_smallest.value","value":0},{"name":"num4.value","value":8},{"name":"num3.value","value":4}],"value":{"name":"angelic","value":false},"expression":"77-20-78-48","instId":0},{"context":[{"name":"num3.value","value":4},{"name":"num_smallest.value","value":0},{"name":"num2.value","value":3},{"name":"num1.value","value":3},{"name":"num4.value","value":8}],"value":{"name":"angelic","value":true},"expression":"81-20-82-48","instId":0}],[{"context":[{"name":"num2.value","value":3},{"name":"num_smallest.value","value":0},{"name":"num1.value","value":3},{"name":"num4.value","value":8},{"name":"num3.value","value":4}],"value":{"name":"angelic","value":true},"expression":"73-20-74-48","instId":0},{"context":[{"name":"num1.value","value":3},{"name":"num4.value","value":8},{"name":"num3.value","value":4},{"name":"num2.value","value":3},{"name":"num_smallest.value","value":0}],"value":{"name":"angelic","value":false},"expression":"69-13-70-45","instId":0}]]

}